[
    {
        "languages": {
        	"cn": "简体中文",
            "en": "English",
            "tr": "Türkçe",
            "tel": "తెలుగు",
            "hin": "हिंदी",
            "kli": "Klingon"
        },
        "search": {
        	"cn": "查找命令",
            "en": "Search Command",
            "tr": "Komut Ara",
            "tel": "శోధన ఆదేశం",
            "hin": "खोज कमांड",
            "kli": "tu'"
        },
        "advancedCommands": {
        	"cn": "高级命令",
            "en": "Advanced Commands",
            "tr": "Gelişmiş Komutlar",
            "tel": "అధునాతన ఆదేశాలు",
            "hin": "उन्नत आदेश",
            "kli": "'Itlh"
        },
        "settings": {
        	"cn":"设置",
            "en": "Settings",
            "tr": "Ayarlar",
            "tel": "సెట్టింగులు",
            "hin": "सेटिंग्स",
            "kli": "HIjmeH"
        },
        "readMore": {
        	"cn":"查看更多",
            "en": "Read More",
            "tr": "Devamını Oku",
            "tel": "ఇంకా చదవండి",
            "hin": "और पढो",
            "kli": "laD"
        },
        "options": {
        	"cn":"选项",
            "en": "Options",
            "tr": "Seçenekler",
            "tel": "ఎంపికలు",
            "hin": "विकल्प",
            "kli": "DuH"
        }
    },
    {
        "advanced": false,
        "title": "init",
        "type": "create",
        "category": {
        	"cn":"创造",
            "en": "Create",
            "tr": "Yarat",
            "tel": "సృష్టించడానికి",
            "hin": "सर्जन करना",
            "kli": "chenmoH"
        },
        "keywords": "create init start",
        "desc": {
        	"cn":"创建一个空的Git存储库或重新初始化现有的存储库",
            "en": "Create an empty Git repository or reinitialize an existing one",
            "tr": "Depo tanımlamaya yarar",
            "tel": "ఒక ఖాళీ గిట్ పోజిటరీను సృష్టించండి లేదా ఇప్పటికే ఉన్న ఒకటిని పునఃప్రారంభించండి",
            "hin": "एक खाली गिट भंडार बनाएँ या मौजूदा एक को फिर से शुरू करें",
            "kli": "chIm git ngevwI' chenmoH pagh nIv'e' chenmoH wa'"
        },
        "url": "https://git-scm.com/docs/git-init",
        "options": [
            {
                "advanced": false,
                "code": "init",
                "desc": {
                	"cn":"创建一个空的Git存储库或重新初始化现有的存储库",
                    "en": "Create an empty Git repository or reinitialize an existing one",
                    "tr": "Boş ya da dolu bir klasöre git deposu oluşturur",
                    "tel": "ఒక ఖాళీ గిట్ పోజిటరీను సృష్టించండి లేదా ఇప్పటికే ఉన్న ఒకటిని పునఃప్రారంభించండి",
                    "hin": "एक खाली गिट भंडार बनाएँ या मौजूदा एक को फिर से शुरू करें",
                    "kli": "chIm git ngevwI' chenmoH pagh nIv'e' chenmoH wa'"
                }
            }
        ]
    },
    {
        "advanced": false,
        "title": "clone",
        "type": "create",
        "category": {
        	"cn":"创造",
            "en": "Create",
            "tr": "Yarat",
            "tel": "సృష్టించడానికి",
            "hin": "सर्जन करना",
            "kli": "chenmoH"
        },
        "keywords": "create clone new",
        "desc": {
        	"cn":"",
            "en": "创建一个已经远程存在的项目的本地副本",
            "tr": "Klasöre depo klonla",
            "tel": "కొత్త డైరెక్టరీలో రిపోజిటరీను క్లోన్ చేయండి",
            "hin": "एक नई निर्देशिका में एक भंडार क्लोन करें",
            "kli": "lutu'lu'bej jInmol 'e' chonayta' nIv'e' pa' chenmoH"
        },
        "url": "https://git-scm.com/docs/git-clone",
        "options": [
            {
                "advanced": false,
                "code": "clone ssh://user@domain.com/repo.git",
                "desc": {
                    "en": "Clone target repository",
                    "tr": "Klasöre hedef deponun kopyasını oluşturur",
                    "tel": "రిపోజిటరీ క్లోన్",
                    "hin": "एक भंडार क्लोन करें",
                    "kli": "DoS ngevwI' chenmoH"
                }
            },
            {
                "advanced": false,
                "code": "clone -b [branch-name] ssh://user@domain.com/repo.git",
                "desc": {
                    "en": "Clone a repository with branch-name checked out",
                    "tr": "Depoyu klonlarken ilgili ağacı çeker",
                    "tel": "శాఖ-పేరుతో రిపోజిటరీ క్లోన్ చేయబడింది",
                    "hin": "शाखा-नाम चेक आउट के साथ एक भंडार क्लोन करें",
                    "kli": "ngevwI' chenmoH Sor-pong"
                }
            }
        ]
    },
    {
        "advanced": false,
        "title": "add",
        "type": "changes",
        "category": {
        	"cn":"创造",
            "en": "Changes",
            "tr": "Değişiklikler",
            "tel": "మార్పులు",
            "hin": "परिवर्तन",
            "kli": "choH"
        },
        "keywords": "changes add",
        "desc": {
            "en": "Stages changes in the working tree",
            "tr": "Eklemek istediğiniz değişiklikleri belirtmenizi sağlar",
            "tel": "తదుపరి చందా కోసం నిర్వహించిన కంటెంట్ను సిద్ధం చేయడానికి, పని చెట్టులో ఉన్న ప్రస్తుత కంటెంట్ను ఉపయోగించి ఇండెక్స్ను నవీకరించడం",
            "hin": "अगली प्रतिबद्धता के लिए आयोजित सामग्री तैयार करने के लिए, कार्यरत पेड़ में पाए गए वर्तमान सामग्री का उपयोग करके इंडेक्स को अपडेट करता है",
            "kli": "mIw choH neH Sor"
        },
        "url": "https://git-scm.com/docs/git-add",
        "options": [
            {
                "advanced": false,
                "code": "add [source]",
                "desc": {
                    "en": "Adds given file to stage area",
                    "tr": "İlgili dosyayı ekler",
                    "tel": "ఇచ్చిన ఫైల్ను వేదిక ప్రాంతానికి జోడిస్తుంది",
                    "hin": "चरण क्षेत्र में दी गई फ़ाइल जोड़ता है",
                    "kli": "chel nob teywI' mIw mIchHom"
                }
            },
            {
                "advanced": false,
                "code": "add --patch [source]",
                "desc": {
                    "en": "Interactively choose hunks of patch between the index and the work tree and add them to the index",
                    "tr": "Hangi değişiklikleri ekleyeceğinizi seçmenize olanak sağlar",
                    "tel": "ఇంటరాక్టివ్గా ఇండెక్స్ మరియు పని ట్రీ మధ్య పాచ్ యొక్క hunks ఎంచుకోండి మరియు ఇండెక్స్ వాటిని జోడించండి",
                    "hin": "इंटरैक्टिव रूप से इंडेक्स और कार्य पेड़ के बीच पैच के शिकारी चुनें और उन्हें इंडेक्स में जोड़ें",
                    "kli": "'ay' DuqIppu'chugh Qu'mey potlh Qap Sor wutlh 'ej chaHvaD chel Qu'mey potlh"
                }
            },
            {
                "advanced": false,
                "code": "add folder/*",
                "desc": {
                    "en": "Adds all files within given folder",
                    "tr": "İlgili klasördeki tüm değişiklikleri eklemenizi sağlar",
                    "tel": "ఇచ్చిన ఫోల్డర్లోని అన్ని ఫైళ్లను జోడిస్తుంది",
                    "hin": "दिए गए फ़ोल्डर के भीतर सभी फाइलें जोड़ता है",
                    "kli": "Hoch teywI' 'emvo' chel ngevwI' nob"
                }
            },
            {
                "advanced": false,
                "code": "add *.extension",
                "desc": {
                    "en": "Adds all extension files to stage area",
                    "tr": "İlgili uzantıya sahip tüm dosyaları eklemenizi sağlar",
                    "tel": "దశ విస్తరణకు అన్ని పొడిగింపు ఫైళ్లను జోడిస్తుంది",
                    "hin": "चरण क्षेत्र में सभी एक्सटेंशन फ़ाइलों को जोड़ता है",
                    "kli": "Hoch teywI' Segh teywI' chel mIw mIchHom"
                }
            }
        ]
    },
    {
        "advanced": false,
        "title": "status",
        "type": "changes",
        "category": {
            "en": "Changes",
            "tr": "Değişiklikler",
            "tel": "మార్పులు",
            "hin": "परिवर्तन",
            "kli": "choH"
        },
        "keywords": "changes status",
        "desc": {
            "en": "Shows the status of changes as untracked, modified, or staged",
            "tr": "Takip edilmeyen, değişmiş ya da eklenmiş değişikliklerin durmunu gösterir",
            "tel": "మీ పని డైరెక్టరీలో మార్చబడిన ఫైల్లు",
            "hin": "आपकी कार्यशील निर्देशिका पर बदली गई फाइलें",
            "kli": "choH je wej ghoch, choH joq mIw Dotlh cha'"
        },
        "url": "https://git-scm.com/docs/git-status",
        "options": [
            {
                "advanced": false,
                "code": "status",
                "desc": {
                    "en": "Changed files on your working directory",
                    "tr": "Değişen dosyaları göster",
                    "tel": "మీ పని డైరెక్టరీలో మార్చబడిన ఫైల్లు",
                    "hin": "आपकी कार्यशील निर्देशिका पर बदली गई फाइलें",
                    "kli": "choH teywI' waw'"
                }
            },
            {
                "advanced": false,
                "code": "status -s",
                "desc": {
                    "en": "Give the output in the short-format",
                    "tr": "Sonucu kısa formatta göster",
                    "tel": "చిన్న ఫార్మాట్లో ఉత్పత్తిని ఇవ్వండి",
                    "hin": "आउटपुट को लघु प्रारूप में दें",
                    "kli": "ghot'e' nob neH yopwaH bID-chenmoH"
                }
            },
            {
                "advanced": false,
                "code": "status -b",
                "desc": {
                    "en": "Show the branch and tracking info even in short-format",
                    "tr": "Sonucu branş ve değişiklikler olarak kısa formatta göster",
                    "tel": "చిన్న ఫార్మాట్లో కూడా బ్రాంచ్ మరియు ట్రాకింగ్ సమాచారాన్ని చూపించు",
                    "hin": "शॉर्ट-फॉर्मेट में भी शाखा और ट्रैकिंग जानकारी दिखाएं",
                    "kli": "Sor ghoch 'ej info cha' vabDot qaStaHvIS yopwaH bID-chenmoH"
                }
            }
        ]
    },
    {
        "advanced": false,
        "title": "diff",
        "type": "changes",
        "category": {
            "en": "Changes",
            "tr": "Değişiklikler",
            "tel": "మార్పులు",
            "hin": "परिवर्तन",
            "kli": "choH"
        },
        "keywords": "changes diff",
        "desc": {
            "en": "Shows file differences not yet staged",
            "tr": "Değişiklikleri karşılaştır",
            "tel": "పని చెట్టు మరియు ఇండెక్స్ లేదా చెట్టు మధ్య మార్పులను చూపించు, ఇండెక్స్ మరియు చెట్టు మధ్య మార్పులు",
            "hin": "काम करने वाले पेड़ और सूचकांक या पेड़, सूचकांक और पेड़ के बीच परिवर्तन के बीच परिवर्तन दिखाएं",
            "kli": "teywI' pIm wej mIw cha'"
        },
        "url": "https://git-scm.com/docs/git-diff",
        "options": [
            {
                "advanced": false,
                "code": "diff",
                "desc": {
                    "en": "Show changes all changes between the working tree and the index",
                    "tr": "Tüm değişiklikleri karşılaştır",
                    "tel": "పని చెట్టు మరియు ఇండెక్స్ మధ్య ఉన్న అన్ని మార్పులను చూపుతుంది",
                    "hin": "कार्य पेड़ और सूचकांक के बीच सभी परिवर्तनों को दिखाएं",
                    "kli": "Hoch choH DuqIppu'chugh Sor Qu'mey potlh cha' choH"
                }
            },
            {
                "advanced": false,
                "code": "diff [source]",
                "desc": {
                    "en": "Show changes to a file between the working tree and the index",
                    "tr": "İlgili dosyanın eski haliyle kıyaslamasını gösterir",
                    "tel": "పని చెట్టు మరియు సూచిక మధ్య ఒక ఫైల్కు మార్పులను చూపించు",
                    "hin": "काम करने वाले पेड़ और सूचकांक के बीच एक फ़ाइल में परिवर्तन दिखाएं",
                    "kli": "cha' choH teywI' DuqIppu'chugh Sor Qu'mey potlh"
                }
            }
        ]
    },
    {
        "advanced": false,
        "title": "commit",
        "type": "changes",
        "category": {
            "en": "Changes",
            "tr": "Değişiklikler",
            "tel": "మార్పులు",
            "hin": "परिवर्तन",
            "kli": "choH"
        },
        "keywords": "changes commit",
        "desc": {
            "en": "Saves the snapshot to the project history",
            "tr": "Eklenen tüm değişiklikleri kaydet",
            "tel": "మార్పులను వివరిస్తున్న వినియోగదారు నుండి లాగ్ మెసేజ్తో పాటు ఇండెక్స్ యొక్క ప్రస్తుత విషయాలను ఒక నూతన కమిట్ లో నిల్వ చేస్తుంది",
            "hin": "परिवर्तनों का वर्णन करने वाले उपयोगकर्ता से लॉग संदेश के साथ एक नई प्रतिबद्धता में इंडेक्स की वर्तमान सामग्री को स्टोर करता है",
            "kli": "Qu'mey potlh pol jInmol qun"
        },
        "url": "https://git-scm.com/docs/git-commit",
        "options": [
            {
                "advanced": false,
                "code": "commit -m [message]",
                "desc": {
                    "en": "Use the given message as the commit message. If multiple -m options are given, their values are concatenated as separate paragraphs",
                    "tr": "Eklenen değişikliklere mesaj ekleyerek kaydet",
                    "tel": "ఇవ్వబడిన message ను నిబద్ధత సందేశం వలె ఉపయోగించండి. బహుళ -m ఎంపికలు ఇచ్చినట్లయితే, వారి విలువలు ప్రత్యేక పేరాలుగా జతచేయబడతాయి",
                    "hin": "दिए गए संदेश का प्रयोग प्रतिबद्ध संदेश के रूप में करें। यदि एकाधिक-एम विकल्प दिए जाते हैं, तो उनके मान अलग-अलग पैराग्राफ के रूप में समेकित होते हैं",
                    "kli": "QIn lo' HeS"
                }
            },
            {
                "advanced": false,
                "code": "commit --all",
                "desc": {
                    "en": "Tell the command to automatically stage files that have been modified and deleted, but new files you have not told Git about are not affected",
                    "tr": "Takip edilmeyenler hariç tüm eklenen, değişen ve silinen dosyaları ekler",
                    "tel": "స్వయంచాలకంగా దశలను మార్చిన మరియు తొలగించిన ఫైల్లను ఆదేశానికి చెప్పండి, కానీ క్రొత్త ఫైల్లు మీరు Git కు తెలియకపోతే ప్రభావితం కాదు",
                    "hin": "कमांड को उन फ़ाइलों को स्वचालित रूप से चरणबद्ध करने के लिए कहें जिन्हें संशोधित और हटा दिया गया है, लेकिन जिन नई फ़ाइलों को आपने गिट को नहीं बताया है, वे प्रभावित नहीं हैं",
                    "kli": "Hoch chel 'ej luqoplu'"
                }
            },
            {
                "advanced": false,
                "code": "commit --amend",
                "desc": {
                    "en": "Updates the last commit without creating a new commit",
                    "tr": "Son kayıt üzerine ekleme ya da düzenleme yapar",
                    "tel": "చివరి నిబద్ధత మార్పులు / నవీకరణలు",
                    "hin": "आखिरी प्रतिबद्धता बदलता / अपडेट करता है",
                    "kli": "choH Qav luqoplu' chel"
                }
            },
            {
                "advanced": false,
                "code": "commit --squash",
                "desc": {
                    "en": "Create a single commit on top of the current branch",
                    "tr": "Aktif ağacın üzerine tek bir kayıt oluşturur",
                    "tel": "ప్రస్తుత బ్రాంచ్ పైన ఒక ఒడంబడిక సృష్టించండి",
                    "hin": "वर्तमान शाखा के शीर्ष पर एक एकल प्रतिबद्धता बनाएं",
                    "kli": "Vas HeS on top of Sor Qu'mey potlh chenmoH"
                }
            }
        ]
    },
    {
        "advanced": false,
        "title": "stash",
        "type": "changes",
        "category": {
            "en": "Changes",
            "tr": "Değişiklikler",
            "tel": "మార్పులు",
            "hin": "परिवर्तन",
            "kli": "choH"
        },
        "keywords": "changes stash",
        "desc": {
            "en": "Stash and restore incomplete changes",
            "tr": "Değişiklikleri sonra kullanılmak üzere kasaya atar",
            "tel": "మురికి పని డైరెక్టరీలో మార్పులను దూరం చేయండి",
            "hin": "एक गंदे कामकाजी निर्देशिका में परिवर्तन को दूर करें",
            "kli": "toD 'ej wej naQmoH wanI'mey choH SabHa'"
        },
        "url": "https://git-scm.com/docs/git-stash",
        "options": [
            {
                "advanced": false,
                "code": "stash list",
                "desc": {
                    "en": "Shows all your stashes",
                    "tr": "Tüm kasa verilerinizi gösterir",
                    "tel": "మీ అన్ని గీతలు చూపుతుంది",
                    "hin": "आपके सभी स्टैश दिखाता है",
                    "kli": "cha' vItoDmeH tetlh"
                }
            },
            {
                "advanced": false,
                "code": "stash save [Stash Message]",
                "desc": {
                    "en": "Saves your local modifications to a new stash entry",
                    "tr": "Kasanıza lokal değişiklikleri mesaj ile kaydeder",
                    "tel": "మీ స్థానిక మార్పులను కొత్త స్టాండ్ ఎంట్రీకి సేవ్ చేస్తుంది",
                    "hin": "अपने स्थानीय संशोधनों को एक नई छिद्र प्रविष्टि में सहेजता है",
                    "kli": "lutu'lu'bej choH pol chu' toD"
                }
            },
            {
                "advanced": false,
                "code": "stash apply stash@{index}",
                "desc": {
                    "en": "Applies the stash in index",
                    "tr": "İlgili indexteki kasayı uygular",
                    "tel": "ఇండెక్స్లో స్టాష్ను వర్తిస్తుంది",
                    "hin": "सूचकांक में छिद्र लागू करता है",
                    "kli": "toD chenmoH"
                }
            },
            {
                "advanced": false,
                "code": "stash pop stash@{index}",
                "desc": {
                    "en": "Applies the stash in index and removes it from stash list",
                    "tr": "İlgili indexteki kasayı uygular ve kasadan kaldırır",
                    "tel": "ఇండెక్స్ లో స్టాష్ వర్తిస్తుంది మరియు అది స్టష్ లిస్టు నుండి తొలగిస్తుంది",
                    "hin": "सूचकांक में छेड़छाड़ लागू करता है और इसे स्टैश सूची से हटा देता है",
                    "kli": "toD chenmoH je toD teq"
                }
            },
            {
                "advanced": false,
                "code": "stash drop stash@{index}",
                "desc": {
                    "en": "Removes the index from stash list without applying",
                    "tr": "İlgili indexteki kasayı uygulamadan siler",
                    "tel": "ఇండెక్స్ లేకుండా స్టాష్ జాబితా నుండి సూచికను తీసివేస్తుంది",
                    "hin": "लागू किए बिना स्टैश सूची से इंडेक्स को हटा देता है",
                    "kli": "Qu'mey potlh teq"
                }
            },
            {
                "advanced": false,
                "code": "stash clear",
                "desc": {
                    "en": "Clears the stash list",
                    "tr": "Kasa listesini temizler",
                    "tel": "స్పష్టం",
                    "hin": "स्पष्ट छिपाना",
                    "kli": "Huv tetlh toD"
                }
            }
        ]
    },
    {
        "advanced": false,
        "title": "rm",
        "type": "changes",
        "category": {
            "en": "Changes",
            "tr": "Değişiklikler",
            "tel": "మార్పులు",
            "hin": "परिवर्तन",
            "kli": "choH"
        },
        "keywords": "changes remove rm",
        "desc": {
            "en": "Remove files from the index",
            "tr": "İlgili dosyayı indexten kaldırır",
            "tel": "ఇండెక్స్ నుండి ఫైళ్ళను తొలగించండి",
            "hin": "सूचकांक से फ़ाइलों को हटा दें",
            "kli": "teywI' teq Qu'mey potlh vo'"
        },
        "url": "https://git-scm.com/docs/git-rm",
        "options": [
            {
                "advanced": false,
                "code": "rm [source]",
                "desc": {
                    "en": "Removes file from stage area",
                    "tr": "İlgili dosyayı indexten kaldırır",
                    "tel": "ఇండెక్స్ నుండి ఫైళ్ళను తొలగించండి",
                    "hin": "सूचकांक से फ़ाइलों को हटा दें",
                    "kli": "teywI' teq vo' mIw yoS"
                }
            }
        ]
    },
    {
        "advanced": false,
        "title": "mv",
        "type": "changes",
        "category": {
            "en": "Changes",
            "tr": "Değişiklikler",
            "tel": "మార్పులు",
            "hin": "परिवर्तन",
            "kli": "choH"
        },
        "keywords": "changes move mv",
        "desc": {
            "en": "Move or rename a file or a directory",
            "tr": "Dosya ya da klasörün yerini ya da adını değiştir",
            "tel": "ఫైల్ను లేదా డైరెక్టరీని తరలించండి లేదా పేరు మార్చండి",
            "hin": "फ़ाइल या निर्देशिका को ले जाएं या नाम बदलें",
            "kli": "vIH pagh teywI' pong choH"
        },
        "url": "https://git-scm.com/docs/git-mv",
        "options": [
            {
                "advanced": false,
                "code": "mv [source] [destination]",
                "desc": {
                    "en": "Moves or renames source",
                    "tr": "Kaynağı ilgili yere taşır ya da adını değiştirir",
                    "tel": "మూలాలను మూసివేయడం లేదా పునరుద్ధరించడం",
                    "hin": "स्रोत चलाता है या नाम बदलता है",
                    "kli": "vIH choH pong Hal pagh"
                }
            },
            {
                "advanced": false,
                "code": "mv -f [source] [destination]",
                "desc": {
                    "en": "Forces to move or rename the source even if it exists in destination",
                    "tr": "Kaynak, hedef kalsörde aynı isimde ise üzerine yazar",
                    "tel": "గమ్యస్థానంలో ఉన్నట్లయితే మూలాన్ని తరలించడానికి లేదా పేరు మార్చడానికి ఫోర్సెస్",
                    "hin": "स्रोतों को स्थानांतरित करने या नाम बदलने के लिए बल, भले ही यह गंतव्य में मौजूद हो",
                    "kli": "vIH pagh Hal pong choH vabDot nIv'e' 'oH neH ghoch raD"
                }
            }
        ]
    },
    {
        "advanced": false,
        "title": "tag",
        "type": "changes",
        "category": {
            "en": "Changes",
            "tr": "Değişiklikler",
            "tel": "మార్పులు",
            "hin": "परिवर्तन",
            "kli": "choH"
        },
        "keywords": "changes tag",
        "desc": {
            "en": "Marks the current commit with a tag",
            "tr": "İlgili commit'i tag ile işaretler",
            "tel": "ట్యాగ్తో ప్రస్తుత నిబద్ధతను సూచిస్తుంది",
            "hin": "एक टैग के साथ वर्तमान प्रतिबद्धता को चिह्नित करता है",
            "kli": "Qu'mey potlh HeS ghaH 'e' maq per ghItlh"
        },
        "url": "https://git-scm.com/docs/git-tag",
        "options": [
            {
                "advanced": false,
                "code": "tag --list",
                "desc": {
                    "en": "Lists all tags",
                    "tr": "Tag listesini gösterir",
                    "tel": "అన్ని ట్యాగ్లను జాబితా చేస్తుంది",
                    "hin": "सभी टैग सूचीबद्ध करता है",
                    "kli": "maq per Hoch tetlh"
                }
            },
            {
                "advanced": false,
                "code": "tag [name]",
                "desc": {
                    "en": "Marks the current commit with a tag",
                    "tr": "Aktif kayıt üzerine tag ekler",
                    "tel": "ట్యాగ్తో ప్రస్తుత నిబద్ధతను సూచిస్తుంది",
                    "hin": "एक टैग के साथ वर्तमान प्रतिबद्धता को चिह्नित करता है",
                    "kli": "Qu'mey potlh HeS ghaH 'e' maq per ghItlh"
                }
            },
            {
                "advanced": false,
                "code": "tag --delete [name]",
                "desc": {
                    "en": "Delete existing tags with the given names",
                    "tr": "İlgili isimdeki tagi siler",
                    "tel": "ఇచ్చిన పేర్లతో ఉన్న ట్యాగ్లను తొలగించండి",
                    "hin": "दिए गए नामों के साथ मौजूदा टैग हटाएं",
                    "kli": "nIv'e' maq per pong Qaw'"
                }
            }
        ]
    },
    {
        "advanced": false,
        "title": "branch",
        "type": "branch",
        "category": {
            "en": "Branch",
            "tr": "Ağaç",
            "tel": "శాఖ",
            "hin": "डाली",
            "kli": "Sor"
        },
        "keywords": "branch",
        "desc": {
            "en": "List, create, or delete branches",
            "tr": "Ağaç üzerinde dal yaratma, silme ve listeleme",
            "tel": "జాబితా, సృష్టించండి లేదా శాఖలను తొలగించండి",
            "hin": "शाखाओं की सूची बनाएं, बनाएं या हटाएं",
            "kli": "tetlh, chenmoH, pagh Sor Qaw'"
        },
        "url": "https://git-scm.com/docs/git-branch",
        "options": [
            {
                "advanced": false,
                "code": "branch [name]",
                "desc": {
                    "en": "Creates a new branch from HEAD called branch-name",
                    "tr": "Yeni bir dal yaratır",
                    "tel": "శాఖ పేరును పిలిచే HEAD నుండి కొత్త శాఖను సృష్టిస్తుంది",
                    "hin": "शाखा नाम नामक HEAD से एक नई शाखा बनाता है",
                    "kli": "Sor chu' chenmoH vo' nach Sor-pong ponglu'"
                }
            },
            {
                "advanced": false,
                "code": "branch -b [name]",
                "desc": {
                    "en": "Creates and checks out to a new branch from HEAD called branch-name",
                    "tr": "Yeni bir dal yaratır ve ilgili dala geçer",
                    "tel": "బ్రాడ్-నేమ్ అని పిలవబడే HEAD నుండి కొత్త బ్రాంచ్కి వెతుకుతుంది మరియు తనిఖీ చేస్తుంది",
                    "hin": "शाखा-नाम नामक HEAD से एक नई शाखा में बनाता है और जांचता है",
                    "kli": "chenmoH 'ej checks 'e' yIQoy Sor chu' vo' nach Sor-pong ponglu'"
                }
            },
            {
                "advanced": false,
                "code": "branch --all",
                "desc": {
                    "en": "List both remote-tracking branches and local branches",
                    "tr": "Lokal ve sunucuda takip edilen tüm dalları listeler",
                    "tel": "రిమోట్ ట్రాకింగ్ శాఖలు మరియు స్థానిక శాఖలు రెండింటిని జాబితా చేయండి",
                    "hin": "रिमोट-ट्रैकिंग शाखाओं और स्थानीय शाखाओं दोनों की सूची बनाएं",
                    "kli": "batlhchaj Hop ghoch Sor 'ej lutu'lu'bej Sor tetlh"
                }
            },
            {
                "advanced": false,
                "code": "branch --delete",
                "desc": {
                    "en": "Delete a branch. The branch must be fully merged in its upstream branch, or in HEAD if no upstream was set with --track or --set-upstream",
                    "tr": "İlgili dalı siler",
                    "tel": "ఒక శాఖను తొలగించండి. అప్స్ట్రీమ్ సంఖ్య - స్ట్రక్ లేదా - సెట్ అప్స్ట్రీమ్తో అప్స్ట్రీమ్ సెట్ చేయకపోతే, శాఖ దాని పూర్తిస్థాయి శాఖలో లేదా HEAD లో పూర్తిగా విలీనం కావాలి",
                    "hin": "एक शाखा हटाएं। शाखा को अपनी अपस्ट्रीम शाखा में पूरी तरह से विलय किया जाना चाहिए, या हेड में अगर कोई अपस्ट्रीम सेट नहीं किया गया था --track या --set-upstream",
                    "kli": "Sor Qaw'. ghob'e' fully DuD Sor reH woDDI' Sor"
                }
            }
        ]
    },
    {
        "advanced": false,
        "title": "checkout",
        "type": "branch",
        "category": {
            "en": "Branch",
            "tr": "Ağaç",
            "tel": "శాఖ",
            "hin": "डाली",
            "kli": "Sor"
        },
        "keywords": "branch checkout",
        "desc": {
            "en": "Switch branches or restore working tree files",
            "tr": "Dallar arası geçişi sağlar",
            "tel": "శాఖలు మారండి లేదా పని చెట్టు ఫైళ్లను పునరుద్ధరించండి",
            "hin": "शाखाएं स्विच करें या काम कर रहे पेड़ फ़ाइलों को पुनर्स्थापित करें",
            "kli": "Sor pagh SabHa' Sor teywI' Qap leQ"
        },
        "url": "https://git-scm.com/docs/git-checkout",
        "options": [
            {
                "advanced": false,
                "code": "checkout [name]",
                "desc": {
                    "en": "Switch branches or restore working tree files",
                    "tr": "Branşlar arası geçişi sağlar",
                    "tel": "శాఖలు మారండి లేదా పని చెట్టు ఫైళ్లను పునరుద్ధరించండి",
                    "hin": "शाखाएं स्विच करें या काम कर रहे पेड़ फ़ाइलों को पुनर्स्थापित करें",
                    "kli": "Sor pagh SabHa' Sor teywI' Qap leQ"
                }
            },
            {
                "advanced": false,
                "code": "checkout --track [origin/name]",
                "desc": {
                    "en": "Checkout and track a remote branch",
                    "tr": "Sunucudaki bir dalı yerel depoya kopyalar",
                    "tel": "రిమోట్ బ్రాంచ్ని తనిఖీ చేయండి మరియు ట్రాక్ చేయండి",
                    "hin": "एक रिमोट शाखा चेकआउट और ट्रैक करें",
                    "kli": "'ej Sor Hop ghoch"
                }
            },
            {
                "advanced": false,
                "code": "checkout .",
                "desc": {
                    "en": "Discard all tracked local changes in HEAD",
                    "tr": "Yerelde yapılan ve kaydedilmemiş tüm değişiklikleri siler",
                    "tel": "HEAD లో ఉన్న అన్ని స్థానిక స్థానిక మార్పులను విస్మరించండి",
                    "hin": "HEAD में सभी ट्रैक किए गए स्थानीय परिवर्तनों को छोड़ दें",
                    "kli": "Hoch ghoch lutu'lu'bej choH qaStaHvIS nach polHa'"
                }
            },
            {
                "advanced": false,
                "code": "checkout HEAD [source]",
                "desc": {
                    "en": "Resets a tracked file",
                    "tr": "Takip edilen ve üzerinde değişiklik yapılmış bir dosyayı bir önceki haline getirir",
                    "tel": "ట్రాక్ చేయబడిన ఫైల్ను రీసెట్ చేస్తుంది",
                    "hin": "एक ट्रैक की गई फ़ाइल रीसेट करता है",
                    "kli": "ghoch teywI' Ha'"
                }
            }
        ]
    },
    {
        "advanced": false,
        "title": "fetch",
        "type": "update",
        "category": {
            "en": "Update",
            "tr": "Güncelleme",
            "tel": "నవీకరణ",
            "hin": "अद्यतन करें",
            "kli": "chu'"
        },
        "keywords": "update fetch",
        "desc": {
            "en": "Downloads all history from the remote repository",
            "tr": "Sunucudaki tüm değişiklik bilgilerini yerel depoya indirir",
            "tel": "మరొక రిపోజిటరీ నుండి వస్తువులు మరియు రిఫరెన్సులను డౌన్లోడ్ చేయండి",
            "hin": "वस्तुओं को डाउनलोड करें और एक और भंडार से refs",
            "kli": "Suq Hoch qun vo' Hop waw'"
        },
        "url": "https://git-scm.com/docs/git-fetch",
        "options": [
            {
                "advanced": false,
                "code": "fetch --all",
                "desc": {
                    "en": "Fetch all remotes",
                    "tr": "Sunucudaki tüm obje ve referansları güncelle",
                    "tel": "అన్ని రిమోట్లను పొందు",
                    "hin": "सभी रिमोट प्राप्त करें",
                    "kli": "Hoch Hop Suq"
                }
            },
            {
                "advanced": false,
                "code": "fetch --prune",
                "desc": {
                    "en": "Before fetching, remove any remote-tracking references that no longer exist on the remote",
                    "tr": "Sunucudaki bilgileri güncellerken lokalinizde olup sunucuda olmayan referansları siler",
                    "tel": "పొందటానికి ముందు, రిమోట్లో ఇకపై ఉన్న ఏ రిమోట్ ట్రాకింగ్ సూచనలను తొలగించండి",
                    "hin": "लाने से पहले, रिमोट पर किसी भी दूरस्थ-ट्रैकिंग संदर्भ को हटा दें जो अब मौजूद नहीं है",
                    "kli": "pa' Suq, vay' Hop ghoch 'e' qawlu' nIv'e' Hop QIH"
                }
            }
        ]
    },
    {
        "advanced": false,
        "title": "pull",
        "type": "update",
        "category": {
            "en": "Update",
            "tr": "Güncelleme",
            "tel": "నవీకరణ",
            "hin": "अद्यतन करें",
            "kli": "chu'"
        },
        "keywords": "update pull",
        "desc": {
            "en": "Updates the local branch from its remote counterpart",
            "tr": "Sunucudan lokalinize kaydedilmiş güncel verileri çeker",
            "tel": "మరొక రిపోజిటరీ లేదా స్థానిక బ్రాంచ్తో కలిపి ఇంటిగ్రేట్ చేయండి",
            "hin": "एक और भंडार या स्थानीय शाखा के साथ लाने और एकीकृत करने के लिए",
            "kli": "chu' lutu'lu'bej Sor"
        },
        "url": "https://git-scm.com/docs/git-pull",
        "options": [
            {
                "advanced": false,
                "code": "pull",
                "desc": {
                    "en": "Fetch from and integrate with another repository or a local branch",
                    "tr": "Sunucudan lokalinize kaydedilmiş güncel verileri çeker",
                    "tel": "మరొక రిపోజిటరీ లేదా స్థానిక బ్రాంచ్తో కలిపి ఇంటిగ్రేట్ చేయండి",
                    "hin": "एक और भंडार या स्थानीय शाखा के साथ लाने और एकीकृत करने के लिए",
                    "kli": "Hop Sor lutu'lu'bej Sor Suq"
                }
            }
        ]
    },
    {
        "advanced": false,
        "title": "push",
        "type": "update",
        "category": {
            "en": "Update",
            "tr": "Güncelleme",
            "tel": "నవీకరణ",
            "hin": "अद्यतन करें",
            "kli": "chu'"
        },
        "keywords": "update push",
        "desc": {
            "en": "Uploads all local branch commits to its remote counterpart",
            "tr": "Yapmış olduğunuz tüm kayıtları sunucuya gönderir",
            "tel": "అనుబంధ వస్తువులతో రిమోట్ రిఫాంలను అప్డేట్ చేయండి",
            "hin": "संबंधित वस्तुओं के साथ रिमोट रेफरी अपडेट करें",
            "kli": "HeS lutu'lu'bej Sor Hoch ngeH Hop"
        },
        "url": "https://git-scm.com/docs/git-push",
        "options": [
            {
                "advanced": false,
                "code": "push",
                "desc": {
                    "en": "Update remote refs along with associated objects",
                    "tr": "Yapmış olduğunuz tüm kayıtları sunucuya gönderir",
                    "tel": "అనుబంధ వస్తువులతో రిమోట్ రిఫాంలను అప్డేట్ చేయండి",
                    "hin": "संबंधित वस्तुओं के साथ रिमोट रेफरी अपडेट करें",
                    "kli": "HeS lutu'lu'bej Sor Hoch ngeH Hop"
                }
            }
        ]
    },
    {
        "advanced": false,
        "title": "merge",
        "type": "merge",
        "category": {
            "en": "Merge",
            "tr": "Birleştirme",
            "tel": "విలీనం",
            "hin": "मर्ज",
            "kli": "DuD"
        },
        "keywords": "merge",
        "desc": {
            "en": "Combines the specified branch’s history into the current branch",
            "tr": "Bir dalı, aktif dalınız ile birleştirir",
            "tel": "మీ ప్రస్తుత HEAD కి శాఖను విలీనం చేస్తుంది",
            "hin": "एक शाखा को आपके वर्तमान सिर में विलीन कर देता है",
            "kli": "per Sor qun QamchoHmo' jIblIj Hoch tlhegh vaj Sor Qu'mey potlh"
        },
        "url": "https://git-scm.com/docs/git-merge",
        "options": [
            {
                "advanced": false,
                "code": "merge [branch-name]",
                "desc": {
                    "en": "Merges a branch to your current HEAD",
                    "tr": "Aktif dalınızın üzerine başka bir dalı ekleyerek birleştirir",
                    "tel": "మీ ప్రస్తుత HEAD కి శాఖను విలీనం చేస్తుంది",
                    "hin": "एक शाखा को आपके वर्तमान सिर में विलीन कर देता है",
                    "kli": "Sor Qu'mey potlh nach DuD"
                }
            }
        ]
    },
    {
        "advanced": false,
        "title": "rebase",
        "type": "patch",
        "category": {
            "en": "Patch",
            "tr": "Yama",
            "tel": "పాచ్",
            "hin": "पैच",
            "kli": "DuD"
        },
        "keywords": "patch rebase",
        "desc": {
            "en": "Rebase your current HEAD onto target branch",
            "tr": "Aktif dalınızı başka bir dala geçmişi koruyarak aktarır",
            "tel": "మీ ప్రస్తుత HEAD ను బ్రాంచ్-పేరుకు మార్చండి",
            "hin": "शाखा के नाम पर अपने वर्तमान हेड को रीबेस करें",
            "kli": "Qu'mey potlh nach onto DoS Sor waw' jatlhqa'"
        },
        "url": "https://git-scm.com/docs/git-rebase",
        "options": [
            {
                "advanced": false,
                "code": "rebase [branch-name]",
                "desc": {
                    "en": "Rebase your current HEAD onto branch-name",
                    "tr": "AAktif dalınızı başka bir dala geçmişi koruyarak aktarır",
                    "tel": "మీ ప్రస్తుత HEAD ను బ్రాంచ్-పేరుకు మార్చండి",
                    "hin": "शाखा के नाम पर अपने वर्तमान हेड को रीबेस करें",
                    "kli": "Qu'mey potlh nach onto DoS Sor waw' jatlhqa'"
                }
            },
            {
                "advanced": false,
                "code": "rebase --interactive",
                "desc": {
                    "en": "Makes a list of the commits which are about to be rebased. User can edit that list before rebasing.",
                    "tr": "Aktif dalınızı başka bir dala interaktif bir şekilde sizden komut bekleyerek aktarır",
                    "tel": "తిరుగుబాటు చేయబోతున్న పనుల జాబితాను చేస్తుంది. వాడుకదారుని ఆ జాబితాను సవరించడం ముందు సవరించవచ్చు",
                    "hin": "उन चीजों की एक सूची बनाता है जो पुनर्निर्मित होने वाले हैं। उपयोगकर्ता रीबेसिंग से पहले उस सूची को संपादित कर सकता है।",
                    "kli": "tetlh HeS 'oH jIqapruppu': waw' jatlhqa' chenmoH. pa' waw' tetlh laH edit user jatlhqa'."
                }
            },
            {
                "advanced": false,
                "code": "rebase --continue",
                "desc": {
                    "en": "Continue a rebase after resolving conflicts",
                    "tr": "Rebase işlemi sırasında çakışma çözümlemesinden sonra devam etmeyi sağlar",
                    "tel": "ఘర్షణలను పరిష్కరించిన తర్వాత పునఃప్రారంభం కొనసాగించండి",
                    "hin": "संघर्ष सुलझाने के बाद एक रिबेस जारी रखें",
                    "kli": "waw' taH jatlhqa' qaSpu'DI' tI' yol"
                }
            },
            {
                "advanced": false,
                "code": "rebase --abort",
                "desc": {
                    "en": "Abort a rebase",
                    "tr": "Rebase işlemini iptal eder",
                    "tel": "పునశ్చరణ రద్దు",
                    "hin": "एक rebase बंद करो",
                    "kli": "waw' abort jatlhqa'"
                }
            }
        ]
    },
    {
        "advanced": false,
        "title": "cherry-pick",
        "type": "patch",
        "category": {
            "en": "Patch",
            "tr": "Yama",
            "tel": "పాచ్",
            "hin": "पैच",
            "kli": "DuD"
        },
        "keywords": "patch cherry-pick",
        "desc": {
            "en": "Apply the changes from a different commit to your current HEAD",
            "tr": "Herhangi bir kayıttaki tüm değişiklikleri dalınıza aktarır",
            "tel": "మీ ప్రస్తుత HEAD కు కట్టుబడి వేరే మార్పులను వర్తించండి",
            "hin": "अपने वर्तमान सिर पर एक अलग प्रतिबद्धता से परिवर्तन लागू करें",
            "kli": "choH vo' HeS pIm Qu'mey potlh nach chenmoH"
        },
        "url": "https://git-scm.com/docs/git-cherry-pick",
        "options": [
            {
                "advanced": false,
                "code": "cherry-pick [commit]",
                "desc": {
                    "en": "Pick and apply changes from commit hash to your current HEAD",
                    "tr": "Herhangi bir kayıttaki tüm değişiklikleri dalınıza aktarır",
                    "tel": "మీ ప్రస్తుత HEAD కు కమిట్ హాష్ నుండి మార్పులను ఎంచుకోండి మరియు వర్తింప చేయండి",
                    "hin": "प्रतिबद्ध हैश से अपने वर्तमान HEAD में परिवर्तनों को उठाएं और लागू करें",
                    "kli": "Suq 'ej choH vo' HeS hash Qu'mey potlh nach"
                }
            }
        ]
    },
    {
        "advanced": false,
        "title": "reset",
        "type": "undo",
        "category": {
            "en": "Undo",
            "tr": "Geri Al",
            "tel": "దిద్దుబాటు రద్దుచెయ్యి",
            "hin": "पूर्ववत",
            "kli": "Ha'"
        },
        "keywords": "reset undo",
        "desc": {
            "en": "Undoes all commits after [commit], preserving changes locally",
            "tr": "Aktif dalı istediğiniz bir kayıt numarasına geri çevirir",
            "tel": "ఈ ఫారమ్ వారి స్థితికి అన్ని మార్గాల కోసం ఇండెక్స్ ఎంట్రీలను రీసెట్ చేస్తుంది",
            "hin": "यह फॉर्म इंडेक्स प्रविष्टियों को अपने राज्य के सभी पथों के लिए रीसेट करता है",
            "kli": "Hoch HeS qaSpu'DI' [HeS], choH choq lutu'lu'bej Ha'"
        },
        "url": "https://git-scm.com/docs/git-reset",
        "options": [
            {
                "advanced": false,
                "code": "reset",
                "desc": {
                    "en": "Resets the index entries for all paths to their state",
                    "tr": "Aktif dalı istediğiniz bir kayıt numarasına geri çevirir",
                    "tel": "వారి స్థితికి అన్ని మార్గాల కోసం ఇండెక్స్ ఎంట్రీలను రీసెట్ చేస్తుంది",
                    "hin": "अपने राज्य के सभी पथों के लिए इंडेक्स प्रविष्टियों को रीसेट करता है",
                    "kli": "Qu'mey potlh Hoch paths Sep Ha'"
                }
            },
            {
                "advanced": false,
                "code": "reset --soft",
                "desc": {
                    "en": "Does not touch the index file or the working tree at all",
                    "tr": "Geri çevirme işlemindeki güncel dosyaları silmez",
                    "tel": "ఇండెక్స్ ఫైలును లేదా పని చెట్టును తాకదు",
                    "hin": "सूचकांक फ़ाइल या काम करने वाले पेड़ को बिल्कुल स्पर्श नहीं करता है",
                    "kli": "wej teywI' Qu'mey potlh Sor pagh Hot qabDaj"
                }
            },
            {
                "advanced": false,
                "code": "reset --mixed",
                "desc": {
                    "en": "Resets the index but not the working tree and reports what has not been updated",
                    "tr": "İlgili kaydı ilk haline çevirir ve değişiklikleri gösterir",
                    "tel": "ఇండెక్స్ను రీసెట్ చేస్తోంది కానీ పని చెట్టు కాదు మరియు నవీకరించబడలేదు ఏమి నివేదికలు",
                    "hin": "इंडेक्स को रीसेट करता है लेकिन काम नहीं कर रहा पेड़ और रिपोर्ट जो अद्यतन नहीं किया गया है",
                    "kli": "latlhpu'vaD Qu'mey potlh 'ach wej Sor 'ej ja' maq wej DujlIj chu'"
                }
            },
            {
                "advanced": false,
                "code": "reset --hard",
                "desc": {
                    "en": "Resets the index and working tree. Any changes to tracked files in the working tree since commit are discarded",
                    "tr": "Geri çevirme işleminde güncel tüm dosyaları siler",
                    "tel": "ఇండెక్స్ మరియు వర్కింగ్ చెట్టును రీసెట్ చేస్తుంది. కట్టుబడి నుండి పని చెట్టు లో ట్రాక్ ఫైళ్లు ఏ మార్పులు విస్మరించిన",
                    "hin": "सूचकांक और काम कर रहे पेड़ को रीसेट करता है। प्रतिबद्धता के बाद से काम करने वाले पेड़ में ट्रैक की गई फ़ाइलों में किए गए किसी भी बदलाव को त्याग दिया जाता है",
                    "kli": "Qu'mey potlh Ha' 'ej Sor. polHa' ghoch teywI' qaStaHvIS qaSchoH HeS Sor choH vay'"
                }
            }
        ]
    },
    {
        "advanced": false,
        "title": "clean",
        "type": "undo",
        "category": {
            "en": "Undo",
            "tr": "Geri Al",
            "tel": "దిద్దుబాటు రద్దుచెయ్యి",
            "hin": "पूर्ववत",
            "kli": "Ha'"
        },
        "keywords": "reset undo clean",
        "desc": {
            "en": "Shows untracked files about to be removed",
            "tr": "Takip edilmeyen dosyaları göstermeye ya da silmeye yarar",
            "tel": "తీసివేయబడకుండా గురించి అన్ట్రాక్డ్ ఫైల్లను చూపుతుంది",
            "hin": "हटाए जाने के बारे में अनचाहे फ़ाइलों को दिखाता है",
            "kli": "wej ghoch teywI' jIqapruppu': teqlu'pu' cha'"
        },
        "url": "https://git-scm.com/docs/git-clean",
        "options": [
            {
                "advanced": false,
                "code": "clean -n",
                "desc": {
                    "en": "Shows untracked files about to be removed",
                    "tr": "Takip edilmeyen tüm dosyaları gösterir",
                    "tel": "తీసివేయబడకుండా గురించి అన్ట్రాక్డ్ ఫైల్లను చూపుతుంది",
                    "hin": "हटाए जाने के बारे में अनचाहे फ़ाइलों को दिखाता है",
                    "kli": "wej ghoch teywI' jIqapruppu': teqlu'pu' cha'"
                }
            },
            {
                "advanced": false,
                "code": "clean -f",
                "desc": {
                    "en": "Removes all untracked files",
                    "tr": "Takip edilmeyen tüm dosyaları siler",
                    "tel": "అన్ని ట్రాక్ చేయని ఫైళ్లను తొలగిస్తుంది",
                    "hin": "सभी अनचाहे फ़ाइलों को हटा देता है",
                    "kli": "Hoch wej ghoch teywI' Qaw'"
                }
            }
        ]
    },
    {
        "advanced": false,
        "title": "log",
        "type": "history",
        "category": {
            "en": "History",
            "tr": "Geçmiş",
            "tel": "చరిత్ర",
            "hin": "इतिहास",
            "kli": "QonoS"
        },
        "keywords": "history log",
        "desc": {
            "en": "Lists version history for the current branch",
            "tr": "Tüm kayıtları listeler",
            "tel": "అన్ని పనులను చూపించు",
            "hin": "सभी काम दिखाएं",
            "kli": "Qu'mey potlh qun Sor Qu'mey potlh tetlh"
        },
        "url": "https://git-scm.com/docs/git-log",
        "options": [
            {
                "advanced": false,
                "code": "log",
                "desc": {
                    "en": "Show all commits",
                    "tr": "Tüm kayıtları listeler",
                    "tel": "అన్ని పనులను చూపించు",
                    "hin": "सभी काम दिखाएं",
                    "kli": "Hoch HeS cha'"
                }
            },
            {
                "advanced": false,
                "code": "log -p [source]",
                "desc": {
                    "en": "Show changes to file",
                    "tr": "Kaynak dosyadaki tüm değişiklikleri gösterir",
                    "tel": "ఫైల్లకు మార్పులను చూపించు",
                    "hin": "फ़ाइल में बदलाव दिखाएं",
                    "kli": "choH teywI' cha'"
                }
            },
            {
                "advanced": false,
                "code": "log --graph",
                "desc": {
                    "en": "Shows all commits as graph",
                    "tr": "Tüm kayıtları ağaç grafiği olarak gösterir",
                    "tel": "అన్ని పనులను గ్రాఫ్గా చూపిస్తుంది",
                    "hin": "दिखाता है कि ग्राफ के रूप में सभी काम करता है",
                    "kli": "Hoch HeS cha' je Sor"
                }
            }
        ]
    },
    {
        "advanced": false,
        "title": "flow",
        "type": "extensions",
        "category": {
            "en": "Extensions",
            "tr": "Eklentiler",
            "tel": "పొడిగింపులు",
            "hin": "एक्सटेंशन",
            "kli": "puS"
        },
        "keywords": "extensions flow init feature release hotfix start finish",
        "desc": {
            "en": "A git extension for feature branch workflow",
            "tr": "Feature ağaç metoduyla çalışan bir eklenti",
            "tel": "ఫీచర్ శాఖ వర్క్ఫ్లో ఒక జిట్ పొడిగింపు",
            "hin": "फीचर शाखा वर्कफ़्लो के लिए एक गिट एक्सटेंशन",
            "kli": "Sor qabuQ chenmoH ngoq"
        },
        "url": "https://www.atlassian.com/git/tutorials/comparing-workflows/gitflow-workflow",
        "options": [
            {
                "advanced": false,
                "code": "flow init",
                "desc": {
                    "en": "Initialize flow inside an existing repository",
                    "tr": "Varolan bir git deposunda flow eklentisini tanımlar",
                    "kli": "loj qoD waw'"
                }
            },
            {
                "advanced": false,
                "code": "flow feature start [name]",
                "desc": {
                    "en": "Create a new branch from latest develop as feature/feature-name",
                    "tr": "Güncel develop dalından feature/name adına bir dal açar",
                    "tel": "ఇప్పటికే ఉన్న రిపోజిటరీ లోపల ప్రవాహాన్ని ప్రారంభించండి",
                    "hin": "मौजूदा भंडार के अंदर प्रवाह शुरू करें",
                    "kli": "Sor chu' chenmoH vo' Qav Hach"
                }
            },
            {
                "advanced": false,
                "code": "flow feature finish [name]",
                "desc": {
                    "en": "Merges feature-name into develop and removes branch",
                    "tr": "İlgili dalı develop dalına merge eder",
                    "tel": "విశిష్ట-పేరును అభివృద్ధి చేయడానికి మరియు శాఖను తొలగిస్తుంది",
                    "hin": "शाखा का विकास और निकालने में फीचर-नाम विलय करता है",
                    "kli": "pong DuD vaj Hach 'ej Sor Qaw'"
                }
            },
            {
                "advanced": false,
                "code": "flow feature publish [name]",
                "desc": {
                    "en": "Publishes a feature to the remote",
                    "tr": "İlgili dalı sunucuya gönderir",
                    "tel": "రిమోట్కు ఒక లక్షణాన్ని ప్రచురిస్తుంది",
                    "hin": "रिमोट को एक सुविधा प्रकाशित करता है",
                    "kli": "ngeH Hop"
                }
            },
            {
                "advanced": false,
                "code": "flow feature pull origin [name]",
                "desc": {
                    "en": "Pull a feature from remote to your local repository",
                    "tr": "İlgili dalı sunucudan lokalinize çeker",
                    "tel": "రిమోట్ నుండి మీ స్థానిక రిపోజిటరీకి ఫీచర్ను లాగండి",
                    "hin": "रिमोट से अपने स्थानीय भंडार में एक सुविधा खींचें",
                    "kli": "DaqaSmoH vo' Hop waw' lutu'lu'bej"
                }
            },
            {
                "advanced": false,
                "code": "flow release start [name]",
                "desc": {
                    "en": "Creates a release branch from latest develop",
                    "tr": "Son develop kaydından bir release dalı başlatır",
                    "tel": "తాజా అభివృద్ధి నుండి విడుదల శాఖను సృష్టిస్తుంది",
                    "hin": "नवीनतम विकास से एक रिलीज शाखा बनाता है",
                    "kli": "Sor Qav chenmoH vo' latest Hach"
                }
            },
            {
                "advanced": false,
                "code": "flow release finish [name]",
                "desc": {
                    "en": "Merges release branch into master and develop",
                    "tr": "Release dalını master ve develop'a merge eder",
                    "tel": "బ్రాంచ్ బ్రాంచిని మాస్టర్ గా మార్చి విడదలస్తుంది",
                    "hin": "मास्टर को रिलीज शाखा में विलय करता है और विकसित होता है",
                    "kli": "vaj pIn'a' Sor 'ej Hach DuD Qav"
                }
            },
            {
                "advanced": false,
                "code": "flow hotfix start [name]",
                "desc": {
                    "en": "Creates a hotfix/fix-name branch from master",
                    "tr": "Master dalından hotfix altında bir dal açar",
                    "tel": "మాస్టర్స్ నుండి హాట్ఫిక్స్ / ఫిక్సేషన్-పేరు శాఖను సృష్టిస్తుంది",
                    "hin": "मास्टर से हॉटफिक्स / फ़िक्स-नाम शाखा बनाता है",
                    "kli": "tI' Sor chenmoH vo' pIn'a'"
                }
            },
            {
                "advanced": false,
                "code": "flow hotfix finish [name]",
                "desc": {
                    "en": "Merges fix-name into master and develop",
                    "tr": "Açılan hotfix dalını master ve develop'a merge eder",
                    "tel": "మాస్టర్ లోకి పరిష్కరించడానికి-పేరు విలీనం మరియు అభివృద్ధి",
                    "hin": "मास्टर में फिक्स-नाम विलय और विकसित करें",
                    "kli": "DuD pIn'a' 'ej Hach"
                }
            }
        ]
    },
    {
        "advanced": true,
        "title": "config",
        "type": "administration",
        "category": {
            "en": "Administration",
            "tr": "Yönetim",
            "tel": "అడ్మినిస్ట్రేషన్",
            "hin": "शासन प्रबंध",
            "kli": "joH"
        },
        "keywords": "administration config",
        "desc": {
            "en": "Get and set repository or global options",
            "tr": "Depo ya da global git ayarlarını değiştir",
            "tel": "రిపోజిటరీ లేదా గ్లోబల్ ఆప్షన్స్ ను పొందండి మరియు సెట్ చేయండి",
            "hin": "भंडार या वैश्विक विकल्प प्राप्त करें और सेट करें",
            "kli": "Suq 'ej waw' pagh, yor DuH HIjmeH"
        },
        "url": "https://git-scm.com/docs/git-config",
        "options": [
            {
                "advanced": true,
                "code": "config -e",
                "desc": {
                    "en": "Edit repository config file",
                    "tr": "Depo ayarlarını değiştir",
                    "tel": "రిపోజిటరీ ఆకృతీకరణ ఫైలును సరికూర్చుము",
                    "hin": "भंडार विन्यास फाइल संपादित करें",
                    "kli": "waw' ngoq teywI' choH"
                }
            },
            {
                "advanced": true,
                "code": "config --global -e",
                "desc": {
                    "en": "Edit global config file",
                    "tr": "Global ayarları değiştir",
                    "tel": "గ్లోబల్ config ఫైలును సవరించు",
                    "hin": "वैश्विक विन्यास फाइल संपादित करें",
                    "kli": "yor ngoq teywI' choH"
                }
            },
            {
                "advanced": true,
                "code": "config --global user.name 'Your Name'",
                "desc": {
                    "en": "Define your user name in global settings",
                    "tr": "Global kullanıcı adını güncelle",
                    "tel": "గ్లోబల్ సెట్టింగులలో మీ యూజర్ పేరును నిర్వచించండి",
                    "hin": "वैश्विक सेटिंग्स में अपने उपयोगकर्ता नाम को परिभाषित करें",
                    "kli": "ponglIj'e' HIjmeH qaStaHvIS yor DuH"
                }
            },
            {
                "advanced": true,
                "code": "config --global user.email you@mail.com",
                "desc": {
                    "en": "Define your mail in global settings",
                    "tr": "Global mail adresini güncelle",
                    "tel": "మీ మెయిల్ను గ్లోబల్ సెట్టింగులలో నిర్వచించండి",
                    "hin": "वैश्विक सेटिंग्स में अपने मेल को परिभाषित करें",
                    "kli": "De' HIjmeH qaStaHvIS yor DuH"
                }
            }
        ]
    },
    {
        "advanced": true,
        "title": "gc",
        "type": "administration",
        "category": {
            "en": "Administration",
            "tr": "Yönetim",
            "tel": "అడ్మినిస్ట్రేషన్",
            "hin": "शासन प्रबंध",
            "kli": "joH"
        },
        "keywords": "administration gc garbage collection",
        "desc": {
            "en": "Cleanup unnecessary files and optimize the local repository",
            "tr": "Kullanılmayan tüm dosyaların referanslarını silerek depoyu optimize et",
            "tel": "అనవసరమైన ఫైళ్లను శుభ్రపరచండి మరియు స్థానిక రిపోజిటరీని ఆప్టిమైజ్ చేయండి",
            "hin": "अनावश्यक फ़ाइलों को क्लीनअप करें और स्थानीय भंडार को अनुकूलित करें",
            "kli": "Say' waw' lutu'lu'bej teywI'"
        },
        "url": "https://git-scm.com/docs/git-gc",
        "options": [
            {
                "advanced": true,
                "code": "gc",
                "desc": {
                    "en": "Runs a garbage collection for your local repository",
                    "tr": "Lokal depoda garbage collection çalıştırır",
                    "tel": "మీ స్థానిక రిపోజిటరీ కోసం చెత్త సేకరణను అమలు చేస్తుంది",
                    "hin": "आपके स्थानीय भंडार के लिए एक कचरा संग्रह चलाता है",
                    "kli": "veQ vuDmey tlhopDaq lutu'lu'bej waw' qet"
                }
            },
            {
                "advanced": true,
                "code": "gc --aggressive",
                "desc": {
                    "en": "Runs gc more aggressively to optimize your local repository",
                    "tr": "gc komutunu daha detaylı bir şekilde çalıştırır",
                    "tel": "మీ స్థానిక రిపోజిటరీను ఆప్టిమైజ్ చేయడానికి GC మరింత దూకుడుగా అమలు అవుతుంది",
                    "hin": "अपने स्थानीय भंडार को अनुकूलित करने के लिए जीसी को आक्रामक रूप से चलाता है",
                    "kli": "latlh Suv lutu'lu'bej waw' Say', qatlh qet gc"
                }
            }
        ]
    },
    {
        "advanced": true,
        "title": "prune",
        "type": "administration",
        "category": {
            "en": "Administration",
            "tr": "Yönetim",
            "tel": "అడ్మినిస్ట్రేషన్",
            "hin": "शासन प्रबंध",
            "kli": "joH"
        },
        "keywords": "administration prune",
        "desc": {
            "en": "Prune all unreachable objects from the object database",
            "tr": "Sunucuda referansı olmayan tüm objeleri siler",
            "kli": "Hoch QIH objects teq waw' vo'"
        },
        "url": "https://git-scm.com/docs/git-prune",
        "options": [
            {
                "advanced": true,
                "code": "prune",
                "desc": {
                    "en": "Removes objects that are no longer pointed to any object in reachable branch",
                    "tr": "Sunucuda referansı olmayan tüm objeleri siler",
                    "tel": "అందుబాటులోని శాఖలోని ఏ వస్తువును ఇకపై సూచించని వస్తువులను తొలగిస్తుంది",
                    "hin": "ऐसी वस्तुओं को हटा देता है जो अब पहुंच योग्य शाखा में किसी ऑब्जेक्ट की ओर इशारा नहीं करते हैं",
                    "kli": "Hoch QIH objects teq waw' vo'"
                }
            },
            {
                "advanced": true,
                "code": "prune -n",
                "desc": {
                    "en": "Do not remove anything; just report what it would remove",
                    "tr": "Silinecek tüm dosyaları gösterir",
                    "tel": "ఏదైనా తొలగించవద్దు; దానిని తీసివేస్తానని రిపోర్ట్ చెయ్యండి",
                    "hin": "कुछ भी मत हटाओ; बस रिपोर्ट करें कि यह क्या हटा देगा",
                    "kli": "wej vay' teq; neH nuq teq 'oH ja'"
                }
            },
            {
                "advanced": true,
                "code": "prune --progress",
                "desc": {
                    "en": "Shows prune progress",
                    "tr": "Silme işlemini gösterir",
                    "tel": "ప్రూనే పురోగతి చూపిస్తుంది",
                    "hin": "प्रगति प्रगति दिखाता है",
                    "kli": "Ser cha'"
                }
            }
        ]
    },
    {
        "advanced": true,
        "title": "bisect",
        "type": "debug",
        "category": {
            "en": "Debug",
            "tr": "Hata Ayıklama",
            "tel": "డీబగ్",
            "hin": "डिबग",
            "kli": "Say'"
        },
        "keywords": "debug bisect",
        "desc": {
            "en": "Use binary search to find the commit that introduced a bug",
            "tr": "Hata oluşturan kaydı bulmaya yardımcı olur",
            "tel": "బగ్ను పరిచయం చేసిన నిబద్ధతను కనుగొనడానికి బైనరీ శోధనను ఉపయోగించండి",
            "hin": "एक बग पेश करने वाली प्रतिबद्धता को खोजने के लिए बाइनरी खोज का उपयोग करें",
            "kli": "tu' je ghew Qaw'"
        },
        "url": "https://git-scm.com/docs/git-bisect",
        "options": [
            {
                "advanced": true,
                "code": "bisect start",
                "desc": {
                    "en": "Start up the git bisect wizard",
                    "tr": "Bisect işlemini başlatır",
                    "tel": "జిట్ బిస్క్ట్ విజర్డ్ ప్రారంభించండి",
                    "hin": "गिट बिसेक्ट विज़ार्ड शुरू करें",
                    "kli": "ghew Qaw' tagh"
                }
            },
            {
                "advanced": true,
                "code": "bisect good [commit]",
                "desc": {
                    "en": "Let the git bisect wizard know of a good commit",
                    "tr": "İşleme düzgün çalışan bir kaydı tanımlar",
                    "tel": "జిట్ బితెచ్ విజర్డ్ మంచి కట్టుబడి గురించి తెలుసుకోండి",
                    "hin": "गिट द्विभाजक जादूगर को एक अच्छी प्रतिबद्धता के बारे में पता है",
                    "kli": "ja' QaQ"
                }
            },
            {
                "advanced": true,
                "code": "bisect bad [commit]",
                "desc": {
                    "en": "Let the git bisect wizard know of a bad commit",
                    "tr": "İşleme hata içeren bir kaydı tanımlar",
                    "tel": "జిట్ బిస్క్ట్ విజర్డ్ ఒక చెడ్డ నిబద్ధత గురించి తెలపండి",
                    "hin": "गिट को विज़ार्ड विज़ार्ड को खराब प्रतिबद्धता के बारे में पता चलो",
                    "kli": "ja' qab"
                }
            },
            {
                "advanced": true,
                "code": "bisect reset",
                "desc": {
                    "en": "End your git bisect wizard",
                    "tr": "Bisect işlemini sonlandırır",
                    "tel": "మీ గేట్ను విజ్జార్డ్ను అంతం చేయండి",
                    "hin": "अपने गिट bisect जादूगर समाप्त करें",
                    "kli": "mIw rIn"
                }
            }
        ]
    },
    {
        "advanced": true,
        "title": "blame",
        "type": "debug",
        "category": {
            "en": "Debug",
            "tr": "Hata Ayıklama",
            "tel": "డీబగ్",
            "hin": "डिबग",
            "kli": "Say'"

        },
        "keywords": "debug blame",
        "desc": {
            "en": "Display author metadata attached to specific committed lines in a file",
            "tr": "Bir dosyaya tüm kullanıcıların yaptığı değişiklikleri gösterir",
            "tel": "ఒక ఫైల్ లో నిర్దిష్ట కట్టుబడి పంక్తులు జోడించిన ప్రదర్శన మెటాడేటా ప్రదర్శించు",
            "hin": "फ़ाइल में विशिष्ट प्रतिबद्ध लाइनों से जुड़े लेखक मेटाडेटा प्रदर्शित करें",
            "kli": "joH De' ngoq specific cha'"
        },
        "url": "https://git-scm.com/docs/git-blame",
        "options": [
            {
                "advanced": true,
                "code": "blame [source]",
                "desc": {
                    "en": "Show each author worked on the source including date, time and line numbers",
                    "tr": "Tüm kullanıcıların değişiklikleri zaman ve satır numarası ile gösterir",
                    "tel": "తేదీ, సమయం మరియు లైన్ సంఖ్యలతో సహా ప్రతి రచయితను సోర్స్లో పని చేయండి",
                    "hin": "तिथि, समय और रेखा संख्या सहित स्रोत पर काम करने वाले प्रत्येक लेखक को दिखाएं",
                    "kli": "Hoch joH Qap Hal date, poH je tlhegh mI' DaH nobvam cha'"
                }
            },
            {
                "advanced": true,
                "code": "blame -L x,y [source]",
                "desc": {
                    "en": "Restrict the output of source between x and y lines",
                    "tr": "İlgili dosyadaki x ve y satırları arasındaki değişiklikleri gösterir",
                    "tel": "X మరియు y లైన్ల మధ్య మూలం యొక్క అవుట్పుట్ను పరిమితం చేయండి",
                    "hin": "एक्स और वाई लाइनों के बीच स्रोत के आउटपुट को प्रतिबंधित करें",
                    "kli": "tI' Hal SabtaHbogh x 'ej y tlhegh"
                }
            },
            {
                "advanced": true,
                "code": "blame -e [source]",
                "desc": {
                    "en": "Show author email address instead of username",
                    "tr": "Kullanıcı adı yerine mail adresi gösterir",
                    "tel": "వినియోగదారు పేరుకు బదులుగా రచయిత ఇమెయిల్ చిరునామాను చూపించు",
                    "hin": "उपयोगकर्ता नाम के बजाय लेखक ईमेल पता दिखाएं",
                    "kli": "cha' joH SoQ joH"
                }
            },
            {
                "advanced": true,
                "code": "blame -w [source]",
                "desc": {
                    "en": "Ignore whitespace changes",
                    "tr": "Beyaz boşlukları görmezden gerir",
                    "tel": "తెల్లని మార్పులు విస్మరించండి",
                    "hin": "व्हाइटस्पेस परिवर्तनों को अनदेखा करें",
                    "kli": "chIm logh choH buSHa'"
                }
            }
        ]
    }
]